canonical_id,variant_id,source_file,source_alias,source_number,line_start,line_end,stem_variant,options_variant,notes
batch5_family_pair_q001,batch5_family_pair_q001_v01,6.3 okeoyeee with dr iksan and willy no -50.docx,B,21,132,138,"pernyataan yang benar terkait sindrom horner, kecuali","[""Ptosis"", ""Enophtalmus"", ""kehilangan kemampuan berkeringat disatu sisi"", ""myosis"", ""sering karna ca servix""]","[""Sindrom horrner: Ptosis, Myosis, anhidrosis""]"
batch5_family_pair_q002,batch5_family_pair_q002_v01,388802_Tutorial Jadi Youtuber Bro.docx,A,,13,18,Pernyataan tidak tepat untuk hukum material adalah?,"[""Kumpulan KUH Perdata"", ""Kumpulan KUH Pidana"", ""Kumpulan hokum kesehatan"", ""Kumpulan peraturan beracara di pengadilan"", ""Kumpulan peraturan pemerintah, peraturan menteri, peraturan daerah""]",[]
batch5_family_pair_q002,batch5_family_pair_q002_v02,6.3 okeoyeee with dr iksan and willy no -50.docx,B,22,139,144,pernyataan tidak tepat untuk hukum material adalah,"[""kumpulan KUH perdata"", ""kumpulan KUH pidana"", ""kumpulan hukum kesehatan"", ""kumpulan peraturan beracara di pengadilan"", ""kumpulan peraturan pemerintah, peraturan menteri, peraturan daerah""]",[]
batch5_family_pair_q003,batch5_family_pair_q003_v01,6.3 okeoyeee with dr iksan and willy no -50.docx,B,23,145,150,penempatan elektroda ECT bilateral biasanya menghasilkan,"[""efek samping kognitif yang lebih kecil"", ""respon terapetik yang lebih lambat"", ""ambang kejang yang lebih rendah"", ""respon terapetik yang lebih cepat"", ""ambang kejang yang lebih tinggi""]",[]
batch5_family_pair_q004,batch5_family_pair_q004_v01,388802_Tutorial Jadi Youtuber Bro.docx,A,,116,121,"hal hal di bawah ini adalah benar, kecuali","[""manitol dipakai pada edema akibat cedera kepala"", ""manitol bersifat diuretik non osmotik(osmotik)"", ""dosis manitol adalah 0,25 g-1g /kg BB"", ""kontraindikasi di berikan pada gangguan hati"", ""tidak efektif diberikan pada udem vasogenik""]",[]
batch5_family_pair_q004,batch5_family_pair_q004_v02,6.3 okeoyeee with dr iksan and willy no -50.docx,B,24,151,157,"hal hal di bawah ini adalah benar, kecuali, ppt trauma","[""manitol dipakai pada edema akibat cedera kepala"", ""manitol bersifat diuretik non osmotik > harsnya osmotik"", ""dosis manitol adalah 0,25 g-1g /kg BB"", ""kontraindikasi di berikan pada gangguan hati"", ""tidak efektif diberikan pada udem vasogenik""]","[""Manitol; Untuk menarik cairan""]"
batch5_family_pair_q005,batch5_family_pair_q005_v01,388802_Tutorial Jadi Youtuber Bro.docx,A,,306,311,etiologi dari seizure dapat dibedakan menjadi etiologi epileptic dan non epileptic. Etiologi yang terbanyak dari golongan epileptik adalah,"[""idiopathik"", ""cerebral damage"", ""infeksi kongenital"", ""cerebral tumor"", ""metabolic""]",[]
batch5_family_pair_q005,batch5_family_pair_q005_v02,6.3 okeoyeee with dr iksan and willy no -50.docx,B,25,158,164,etiologi dari seizure dapat dibedakan menjadi etiologi epileptic dan non epileptic. Etiologi yang terbanyak dari golongan epileptik adalah,"[""idiopathik,"", ""cerebral damage"", ""infeksi kongenital"", ""cerebral tumor"", ""metabolic, ex; dm, hipotiroid, hipertiroid""]","[""Kryptogrnik;??""]"
batch5_family_pair_q006,batch5_family_pair_q006_v01,388802_Tutorial Jadi Youtuber Bro.docx,A,,531,536,kontrol terhadap perilaku atau behaviour control adanya pada,"[""dorsolateral prefrontal korteks"", ""orbitofrontal korteks"", ""prefrontal korteks"", ""precentral korteks"", ""primary motor korteks""]",[]
batch5_family_pair_q006,batch5_family_pair_q006_v02,6.3 okeoyeee with dr iksan and willy no -50.docx,B,26,165,171,kontrol terhadap perilaku atau behaviour control adanya pada,"[""dorsolateral prefrontal korteks"", ""orbitofrontal korteks: knotrol afektif mood"", ""prefrontal korteks: eksekusi"", ""precentral korteks: Motorik"", ""primary motor korteks: motorik""]","[""Mediodorsolateral: Kognitif""]"
batch5_family_pair_q007,batch5_family_pair_q007_v01,388802_Tutorial Jadi Youtuber Bro.docx,A,,288,293,yang bukan merupakan alat ukur yang dapat di pakai untuk penampisan gangguan kognisi adalah,"[""MMSE"", ""CDT"", ""IADL"", ""GDS"", ""ADL""]",[]
batch5_family_pair_q007,batch5_family_pair_q007_v02,6.3 okeoyeee with dr iksan and willy no -50.docx,B,27,172,177,yang bukan merupakan alat ukur yang dapat di pakai untuk penampisan gangguan kognisi adalah,"[""MMSE"", ""CDT"", ""IADL"", ""GDS"", ""ADL ( Activity Daily Living) >""]",[]
batch5_family_pair_q008,batch5_family_pair_q008_v01,388802_Tutorial Jadi Youtuber Bro.docx,A,,69,74,"seorang pasien, wanita, 45 tahun, ibu rumah tangga, mengeluh mudah lelah dan merasa tidak bahagia, aktivitas dan konsentrasi menurun serta nafsu makan berkurang. Hal tersebut sudah dirasakan selama 3 bulan. Terakhir pasien merasa pekerjaannya sedikit terbengkalai. Dokter meresepkan obat antidepresan. Setelah mengkonsumsi obat tersebut pasien mengeluh mulut kering dan susah BAB. Obat anti deprean yang menyebabkan efek samping tersebut adalah","[""Amitriptilin"", ""Fluoxetine"", ""Sertraline"", ""Paroxetine"", ""Citalopram""]",[]
batch5_family_pair_q008,batch5_family_pair_q008_v02,6.3 okeoyeee with dr iksan and willy no -50.docx,B,28,178,183,"seorang pasien, wanita, 45 tahun, ibu rumah tangga, mengeluh mudah lelah dan merasa tidak bahagia, aktivitas dan konsentrasi menurun serta nafsu makan berkurang. Hal tersebut sudah dirasakan selama 3 bulan. Terakhir pasien merasa pekerjaannya sedikit terbengkalai. Dokter meresepkan obat antidepresan. Setelah mengkonsumsi obat tersebut pasien mengeluh mulut kering dan susah BAB. Obat anti deprean yang menyebabkan efek samping tersebut adalah","[""Amitriptilin > Trisiklik Anti Depresan (TAC)"", ""Fluoxetine"", ""Sertraline"", ""Paroxetine"", ""Citalopram""]",[]
batch5_family_pair_q009,batch5_family_pair_q009_v01,388802_Tutorial Jadi Youtuber Bro.docx,A,,34,38,"Tn M. 50 tahun, seorang pengusaha sukses di jambi. Dirawat dibagian saraf rumah sakit raden mataher karena tidak bisa berjalan yang disebabkan 1 jam sebelum masuk rumah sakit, saat penderita sedang BAB tiba tiba penderita mengalami kelemahan pada lengan kiri dan tungkai kiri. Hal ini terjadi untuk yang pertama kali. Pada saat serangan penderita tampak selalu mengantuk dan susah di ajak komunikasi. Disertai sakit kepala, mual dan muntah. Tanpa disertai kejang dan gangguan rasa pada sisi yang lemah. Kelemahan lengan kiri dan tungkai kiri sama berat. Saat mengobrol bicaranya pelo dan lidah deviasi kekiri saat di julurkan, tidak ada atropi papil lidah dan vasikulasi (-). Saat mengerutkan dahi simetrik, kedua kelopak mata dapat menutup sempurna, namun saat meringis sisi mulut kiri tertinggal. Sehari-hari penderita bekerja dengan tangan kanan. Penderita masih dapat mengungkapkan isi pikirannya secara lisan, tulisan dan isyarat. Penderita juga dapat mengerti isi pikiran orang lain yang diungkapkan secara lisan, tulisan dan isyarat. Reflek dan tonus pada sisi yang lemah meningkat.Jika pada kasus diatas tidak terjadi penurunan kesadaran dan pemulihan kelemahan terjadi dalam kurun waktu <24 jam maka kasus ini disebut","[""TIA"", ""Stroke in evolution"", ""Emboli stroke"", ""Stroke hemoragik""]",[]
batch5_family_pair_q009,batch5_family_pair_q009_v02,388802_Tutorial Jadi Youtuber Bro.docx,A,,329,333,"Tn M. 50 tahun, seorang pengusaha sukses di jambi. Dirawat dibagian saraf rumah sakit raden mataher karena tidak bisa berjalan yang disebabkan 1 jam sebelum masuk rumah sakit, saat penderita sedang BAB tiba tiba penderita mengalami kelemahan pada lengan kiri dan tungkai kiri. Hal ini terjadi untuk yang pertama kali. Pada saat serangan penderita tampak selalu mengantuk dan susah di ajak komunikasi. Disertai sakit kepala, mual dan muntah. Tanpa disertai kejang dan gangguan rasa pada sisi yang lemah. Kelemahan lengan kiri dan tungkai kiri sama berat. Saat mengobrol bicaranya pelo dan lidah deviasi kekiri saat di julurkan, tidak ada atropi papil lidah dan vasikulasi (-). Saat mengerutkan dahi simetrik, kedua kelopak mata dapat menutup sempurna, namun saat meringis sisi mulut kiri tertinggal. Sehari-hari penderita bekerja dengan tangan kanan. Penderita masih dapat mengungkapkan isi pikirannya secara lisan, tulisan dan isyarat. Penderita juga dapat mengerti isi pikiran orang lain yang diungkapkan secara lisan, tulisan dan isyarat. Reflek dan tonus pada sisi yang lemah meningkat. Diagnosis topik yang mungkin pada kasus diatas adalah","[""Korteks cerebri"", ""Subkorteks cerebri"", ""Kapsula interna"", ""Batang otak""]",[]
batch5_family_pair_q009,batch5_family_pair_q009_v03,6.3 okeoyeee with dr iksan and willy no -50.docx,B,29,184,189,"Tn M. 50 tahun, seorang pengusaha sukses di jambi. Dirawat dibagian saraf rumah sakit raden mataher karena tidak bisa berjalan yang disebabkan 1 jam sebelum masuk rumah sakit, saat penderita sedang BAB tiba tiba penderita mengalami kelemahan pada lengan kiri dan tungkai kiri. Hal ini terjadi untuk yang pertama kali. Pada saat serangan penderita tampak selalu mengantuk dan susah di ajak komunikasi. Disertai sakit kepala, mual dan muntah. Tanpa disertai kejang dan gangguan rasa pada sisi yang lemah. Kelemahan lengan kiri dan tungkai kiri sama berat. Saat mengobrol bicaranya pelo dan lidah deviasi kekiri saat di julurkan, tidak ada atropi papil lidah dan vasikulasi (-). Saat mengerutkan dahi simetrik, kedua kelopak mata dapat menutup sempurna, namun saat meringis sisi mulut kiri tertinggal. Sehari-hari penderita bekerja dengan tangan kanan. Penderita masih dapat mengungkapkan isi pikirannya secara lisan, tulisan dan isyarat. Penderita juga dapat mengerti isi pikiran orang lain yang diungkapkan secara lisan, tulisan dan isyarat. Reflek dan tonus pada sisi yang lemah meningkat Diagnosis topik yang mungkin pada kasus diatas adalah","[""Korteks cerebri"", ""Subkorteks cerebri"", ""Kapsula interna"", ""Batang otak, lebih ke pons""]",[]
batch5_family_pair_q010,batch5_family_pair_q010_v01,388802_Tutorial Jadi Youtuber Bro.docx,A,,555,561,"pernyataan yang benar terkait sindrom horner, kecuali suatu gangguan yang ditandai adanya 1/lebih gejala neurologis ( sebagai contohnya, paralisis, kebutaan,parastesia ) yang tidak dapat di jelaskan oleh gangguan neurologis atau medis yang diketahui menurut DSM IV merupakan pengertian dari","[""Ptosis"", ""Enophtalmus"", ""kehilangan kemampuan berkeringat disatu sisi"", ""myosis"", ""sering karna ca servix""]",[]
batch5_family_pair_q010,batch5_family_pair_q010_v02,6.3 okeoyeee with dr iksan and willy no -50.docx,B,30,190,195,"suatu gangguan yang ditandai adanya 1/lebih gejala neurologis ( sebagai contohnya, paralisis, kebutaan, parastesia ) yang tidak dapat di jelaskan oleh gangguan neurologis atau medis yang diketahui menurut DSM IV merupakan pengertian dari","[""Gangguan konversi"", ""Gangguan somatisasi"", ""Hipokondriasis"", ""Gangguan cemas menyeluruh"", ""Gangguan panik""]",[]
batch5_family_pair_q011,batch5_family_pair_q011_v01,6.3 okeoyeee with dr iksan and willy no -50.docx,B,31,196,201,"identitas jenis kelamin atau preferensi seksual tidak diragukan, tetapi individu mengharapkan yang lain disebakan oleh gangguan psikologis dan perilaku, serta mencari pengobatan untuk mengubahnya, di sebut..","[""Gangguan maturitas seksual"", ""Orientasi seksual egodistonik"", ""Gangguan jalinan seksual"", ""Gangguan identitas jenis kelamin"", ""Gangguan referensi seksual""]",[]
batch5_family_pair_q012,batch5_family_pair_q012_v01,388802_Tutorial Jadi Youtuber Bro.docx,A,,489,494,pemberian terapi medika mentosa mulai dipertimbangkan pada ulkus dekubitus,"[""Ulkus dekubitus grade 1"", ""Ulkus dekubitus grade 2"", ""Ulkus dekubitus grade 3"", ""Ulkus dekubitus grade 4"", ""Bukan salah satu diatas""]",[]
batch5_family_pair_q012,batch5_family_pair_q012_v02,6.3 okeoyeee with dr iksan and willy no -50.docx,B,32,202,207,pemberian terapi medika mentosa mulai dipertimbangkan pada ulkus dekubitus,"[""Ulkus dekubitus grade 1"", ""Ulkus dekubitus grade 2"", ""Ulkus dekubitus grade 3"", ""Ulkus dekubitus grade 4"", ""Bukan salah satu diatas""]",[]
batch5_family_pair_q013,batch5_family_pair_q013_v01,388802_Tutorial Jadi Youtuber Bro.docx,A,,241,246,"Seorang pasien mengeluh sering merasa cemas yang berlangsung hampir setiap hari sehingga sering merasa berdebar-debar, berkeringat dan pusing. Gejala yang dirasakan termasuk gejala ringan. Farmakoterapi yang tepat untuk pasien tersebut adalah","[""buspiron (MAOI)"", ""alprazolam gol. Mezendezepine"", ""clonazolam"", ""lorazepam"", ""diazepam""]",[]
batch5_family_pair_q013,batch5_family_pair_q013_v02,388802_Tutorial Jadi Youtuber Bro.docx,A,,549,554,"seorang pasien mengeluh sering merasa cemas yang berlangsung hampir setiap hari sehingga sering merasa berdebar debar, berkeringat, dan pusing. Gejala yang dirasakan termasuk gejala berat dan disertai serangan panik. Farmakoterapi yang tepat untuk pasien tersebut adalah","[""Buspiron"", ""Alprazolam -diazepam"", ""Triazolam"", ""Estazolam"", ""Zolpidem""]",[]
batch5_family_pair_q013,batch5_family_pair_q013_v03,6.3 okeoyeee with dr iksan and willy no -50.docx,B,33,208,214,"seorang pasien mengeluh sering merasa cemas yang berlangsung hampir setiap hari sehingga sering merasa berdebar debar, berkeringat, dan pusing. Gejala yang dirasakan termasuk gejala berat dan disertai serangan panik. Farmakoterapi yang tepat untuk pasien tersebut adalah","[""Buspiron"", ""Alprazolam"", ""Triazolam"", ""Esitazolam"", ""Zolpidem""]","[""Dx; ggn anxietas menyeluruh (GAM)""]"
batch5_family_pair_q014,batch5_family_pair_q014_v01,388802_Tutorial Jadi Youtuber Bro.docx,A,,81,85,"mekanisme obat anti kejang belum diketahui secara pasti. Dibawah ini merupakan mekanisme kerja suatu obat memiliki efek anti kejang, kecuali","[""Meningkatkan transmisi GABAergik"", ""Meningkatkan transmisi glutamatergik"", ""Memodifikasi konduksi ion"", ""Menurunkan transmisi glutamatergik""]",[]
batch5_family_pair_q014,batch5_family_pair_q014_v02,6.3 okeoyeee with dr iksan and willy no -50.docx,B,34,215,220,"mekanisme obat anti kejang belum diketahui secara pasti. Dibawah ini merupakan mekanisme kerja suatu obat memiliki efek anti kejang, kecuali","[""Meningkatkan gaba"", ""Meningkatkan transmisi GABAergik"", ""Meningkatkan transmisi glutamatergik"", ""Memodifikasi konduksi ion"", ""Menurunkan transmisi glutamatergik""]",[]
batch5_family_pair_q015,batch5_family_pair_q015_v01,6.3 okeoyeee with dr iksan and willy no -50.docx,B,36,227,232,"berikut ini merupakan gangguan tidur yang dapat terjadi pada pasien delirium, kecuali","[""Insomnia, atau pada kasus yang berat tidak dapat tidur sama sekali, atau terbaliknya siklus tidur mengantuk siang hari"", ""Gejala memburuk pada malam hari"", ""Mimpi yang menggangu"", ""Mimpi buruk yang dapat berlanjut menjadi halusinasi setelah bangun tidur"", ""Sulit masuk waktu tidur, tetapi bila sudah tidur, pasien dapat tidur dengan nyenyak""]",[]
batch5_family_pair_q016,batch5_family_pair_q016_v01,388802_Tutorial Jadi Youtuber Bro.docx,A,,519,522,"seorang laki-laki, 45 tahun, dirawat di ICCU dengan diagnosis krisis tiroid dan saat ini disertai dengan keluhan mengamuk, tidak mengenal keluarganya dan tidak mengetahui dimana dia berada. Pola tidur pasien menjadi terbalik, dan pasien sering berteriak-teriak melihat setan. Dan melihat bayangan keluarganya yang telah meninggal dunia. Diagnosis gangguan jiwa pada pasien ini adalah","[""Halusinasi organik"", ""Sindroma amnesia organik"", ""Delirium""]",[]
batch5_family_pair_q016,batch5_family_pair_q016_v02,6.3 okeoyeee with dr iksan and willy no -50.docx,B,37,233,238,"seorang laki-laki, 45 tahun, dirawat di ICCU dengan diagnosis krisis tiroid dan saat ini disertai dengan keluhan mengamuk, tidak mengenal keluarganya dan tidak mengetahui dimana dia berada. Pola tidur pasien menjadi terbalik, dan pasien sering berteriak-teriak melihat setan. Dan melihat bayangan keluarganya yang telah meninggal dunia. Diagnosis gangguan jiwa pada pasien ini adalah","[""Halusinasi organik"", ""Sindroma amnesia organik"", ""Delirium"", ""Gangguan katatonik organik"", ""Cemas organik""]",[]
batch5_family_pair_q017,batch5_family_pair_q017_v01,388802_Tutorial Jadi Youtuber Bro.docx,A,,369,373,golongan obat yang merupakan first line untuk terapi migrain adalah,"[""Triptan"", ""Ergot"", ""Barbiturat"", ""Asetaminofen""]",[]
batch5_family_pair_q017,batch5_family_pair_q017_v02,6.3 okeoyeee with dr iksan and willy no -50.docx,B,38,239,249,golongan obat yang merupakan first line untuk terapi migrain adalah,"[""Triptan"", ""Ergot"", ""Barbiturat"", ""Asetaminofen""]","[""Tension Type Headeche (TTH); Caffein, NSAID,"", ""Migrain; NSAID, Triptan, Ergotamine ( Lini 1,2,3 )"", ""Cluster; Triptan,ergotamine, lidokain ( Lini 2,3 + lidoqain)"", ""Lini 1: NSAID"", ""Lini 2: Golongan 5HT"", ""Lini 3: Ergotamine""]"
batch5_family_pair_q018,batch5_family_pair_q018_v01,388802_Tutorial Jadi Youtuber Bro.docx,A,,579,584,"anamnesis bentuk bangkitan yang baik, disertai pemeriksaan fisik dan penunjang yang sesuai, dapat membedakan antara bangkitan yang parsial (focal) dengan bangkitan umum (generalized). Ciri yang dapat mengarahkan bentuk bangkitan focal yaitu apabila bentuk kejangnya adalah","[""Langsung pingsan (drop attack)"", ""Kompulsif tonik klonik"", ""Absence"", ""Conversion disorder atau malingering"", ""Didahului automatism""]",[]
batch5_family_pair_q018,batch5_family_pair_q018_v02,6.3 okeoyeee with dr iksan and willy no -50.docx,B,41,257,262,"anamnesis bentuk bangkitan yang baik, disertai pemeriksaan fisik dan penunjang yang sesuai, dapat membedakan antara bangkitan yang parsial (focal) dengan bangkitan umum (generalized). Ciri yang dapat mengarahkan bentuk bankitan focal yaitu apabila bentuk kejangnya adalah","[""Langsung pingsan (drop attack)"", ""Kompulsif tonik klonik"", ""Absence > bengong"", ""Conversion disorder atau malingering"", ""Didahului automatism""]",[]
batch5_family_pair_q019,batch5_family_pair_q019_v01,6.3 okeoyeee with dr iksan and willy no -50.docx,B,42,263,268,"setelah kejang akibat ECT, metabolisme otak menurun, terutama di","[""Lobus temporalis"", ""Lobus frontalis"", ""Lobus parietalis"", ""Lobus occipitalis"", ""Pons""]",[]
batch5_family_pair_q020,batch5_family_pair_q020_v01,388802_Tutorial Jadi Youtuber Bro.docx,A,,29,33,Anti psikosis generasi pertama yang pemberiannya dihindari pada penderita penyakit jantung karena dapat menyebabkan depresan miokard secara langsungadalah?,"[""Phenothiazine"", ""Thioridazine"", ""Mesoridazine"", ""Thiothixene""]",[]
batch5_family_pair_q020,batch5_family_pair_q020_v02,6.3 okeoyeee with dr iksan and willy no -50.docx,B,43,269,273,antipsikosis generasi pertama yang pemberiannya dihindari pada penderita penyakit jantung karena dapat menyebabkan depresan miokard secara langsung adalah,"[""Phenotiazine"", ""Thioridazine"", ""Mesoridazine"", ""Thiotixene""]",[]
batch5_family_pair_q021,batch5_family_pair_q021_v01,388802_Tutorial Jadi Youtuber Bro.docx,A,,265,269,"dibawah ini merupakan obat yang dapat digunakan sebagai preventif terjadinya migrain, kecuali","[""Propanolol"", ""Timolol"", ""Dipalproate"", ""Bisoprolol""]",[]
batch5_family_pair_q021,batch5_family_pair_q021_v02,6.3 okeoyeee with dr iksan and willy no -50.docx,B,44,274,278,"dibawah ini merupakan obat yang dapat digunakan sebagai preventif terjadinya migrain, kecuali","[""Propanolol"", ""Timolol"", ""Dipalproate"", ""Bisoprolol""]",[]
batch5_family_pair_q022,batch5_family_pair_q022_v01,6.3 okeoyeee with dr iksan and willy no -50.docx,B,45,279,284,"seorang pasien wanita 30 tahun, belum menikah, di konsul dari bedah plastik dengan keluhan merasa penampilannya buruk, tidak menarik dan bahkan menjijikan. Padahal jika dilihat penampilannya normal. Diagnosis pada pasien ini adalah","[""Gangguan nyeri"", ""Somatisasi"", ""Hipokondriasis"", ""Body dismorfik disorder"", ""Gangguan konversi""]",[]
batch5_family_pair_q023,batch5_family_pair_q023_v01,388802_Tutorial Jadi Youtuber Bro.docx,A,,294,299,"fungsi kontrol emosi, menghasilkan perasaan dan menginterpretasi impuls sensorif berada pada","[""Diencephalon"", ""Mesencephalon"", ""Metencephalon"", ""Myelencephalon"", ""Telencephalon""]",[]
batch5_family_pair_q023,batch5_family_pair_q023_v02,6.3 okeoyeee with dr iksan and willy no -50.docx,B,46,285,290,"fungsi kontrol emosi, menghasilkan perasaan dan menginterpretasi impuls sensorif berada pada","[""Diencephalon"", ""Mesencephalon"", ""Metencephalon"", ""Myelencephalon"", ""Telencephalon""]",[]
batch5_family_pair_q024,batch5_family_pair_q024_v01,388802_Tutorial Jadi Youtuber Bro.docx,A,,513,518,argumen yang menyebutkan bahwa seseorang yang didakwa melakukan tindakan kriminal dianggap tidak bersalah karena orang tersebut tidak bisa mengontrol perbuatannya atau tidak mengerti perbedan antara benar dan salah yang di kenal sebagai,"[""Keinginan"", ""Fakta meringankan"", ""Peraturan M’naghten"", ""Peraturan yang meringankan"", ""Semua salah""]",[]
batch5_family_pair_q024,batch5_family_pair_q024_v02,6.3 okeoyeee with dr iksan and willy no -50.docx,B,47,291,296,argumen yang menyebutkan bahwa seseorang yang didakwa melakukan tindakan kriminal dianggap tidak bersalah karena orang tersebut tidak bisa mengontrol perbuatannya atau tidak mengerti perbedan antara benar dan salah yang di kenal sebagai,"[""Keinginan"", ""Fakta meringankan"", ""Peraturan M’naghten"", ""Peraturan yang meringankan"", ""Semua salah""]",[]
batch5_family_pair_q025,batch5_family_pair_q025_v01,388802_Tutorial Jadi Youtuber Bro.docx,A,,483,488,"infeksi otak yang menimbulkan lesi focal otak dan menyebabkan defisit neurologis, sering terjadi pada pasien dengan status HIV + adalah","[""Meningitis"", ""SOL"", ""Toxoplasmosis"", ""Ensefalitis"", ""Varisela intrakaranial""]",[]
batch5_family_pair_q025,batch5_family_pair_q025_v02,6.3 okeoyeee with dr iksan and willy no -50.docx,B,48,297,302,"infeksi otak yang menimbulkan lesi focal otak dan menyebabkan defisit neurologis, sering terjadi pada pasien dengan status HIV + adalah","[""Meningitis"", ""SOL"", ""Toxoplasmosis"", ""Ensefalitis"", ""Varisela intrakaranial""]",[]
batch5_family_pair_q026,batch5_family_pair_q026_v01,6.3 okeoyeee with dr iksan and willy no -50.docx,B,49,303,308,"adanya insomnia pada waktu orang tidur dan hipersomnia waktu kebanyakan orang bangun, berlangsung sekurangnya 1 bulan atau secara berulang dengan periode yang lebih singkat, merupakan kriteria diagnostik dari","[""Gangguan jadwal tidur"", ""Parasomnia"", ""Somnabulisme"", ""Insomnia non organik"", ""Hipersomnia""]",[]
batch5_family_pair_q027,batch5_family_pair_q027_v01,388802_Tutorial Jadi Youtuber Bro.docx,A,,438,442,"laki-laki 17 tahun datang ke poli neurologi dengan keluhan merasa lupa sesaat saat sedang belajar. Teman sekolahnya memberitahukan bahwa dia tampak sering bengong dan tidak berespon saat di kelas. Keadaan tsb berlangsung sebentar, tidak lebih dari 1 menit namun sering berulang. Dokter mendiagnosa pasien dengan kejang absence. Sesuai keadaan pasien diatas, kejang absence termasuk dalam kejang?","[""Kejang parsial"", ""Kejang general"", ""Drop attack"", ""Pseudo seizure""]",[]
batch5_family_pair_q027,batch5_family_pair_q027_v02,6.3 okeoyeee with dr iksan and willy no -50.docx,B,50,309,313,"laki-laki 17 tahun datang ke poli neurologi dengan keluhan merasa lupa sesaat saat sedang belajar. Teman sekolahnya memberitahukan bahwa dia tampak sering bengong dan tidak berespon saat di kelas. Keadaan tsb berlangsung sebentar, tidak lebih dari 1 menit namun sering berulang. Dokter mendiagnosa pasien dengan kejang absence. Sesuai keadaan pasien diatas, kejang absence termasuk dalam kejang?","[""Kejang parsial"", ""Kejang general"", ""Drop attack"", ""Pseudo seizure""]",[]
batch5_family_pair_q028,batch5_family_pair_q028_v01,388802_Tutorial Jadi Youtuber Bro.docx,A,,75,80,"Seorang laki-laki berusia 30 tahun dibawa ke IGD RS setelah kecelakaan lalu lintas tidak menggunakan helm dan menabrak pohon, terdapat luka dikepala dan tangan, pasien sempat pingsan saat perjalanan pasien sadar dan lupa kejadian, saat di RS pasien membuka mata saat di panggil, mengerang, serta refleks pleksi saat di cubit, terdapat hematoma temporoparietal. Gambaran CT Scan yang paling mungkin pada kelainan no 10 berupa","[""Gambaran hiperdens intra serebral"", ""Gambaran hiperdens bikonvek"", ""Gambaran hiperdens seperti bulansabit"", ""Gambaran hiperdens sintra ventrikularis"", ""Gambaran salt and pepper""]",[]
batch5_family_pair_q028,batch5_family_pair_q028_v02,6.3 okeoyeee with dr iksan and willy no -50.docx,B,57,320,325,"seorang laki-laki berusia 30 tahun dibawa ke IGD RS setelah kecelakaan lalu lintas tidak menggunakan helm dan menabrak pohon, terdapat luka dikepala dan tangan, pasien sempat pingsan saat perjalanan pasien sadar dan lupa kejadian, saat di RS pasien membuka mata saat di panggil, mengerang, serta refleks pleksi saat di cubit, terdapat hematoma temporoparietal. Gambaran CT Scan yang paling mungkin pada kelainan no 10 berupa","[""Gambaran hiperdens intra serebral"", ""Gambaran hiperdens bikonvek"", ""Gambaran hiperdens seperti bulan sabit"", ""Gambaran hiperdens intra ventrikularis"", ""Gambaran salt and pepper""]",[]
batch5_family_pair_q029,batch5_family_pair_q029_v01,388802_Tutorial Jadi Youtuber Bro.docx,A,,312,317,gangguan ingatan pada pasien depresi di sebut dengan,"[""Demensia"", ""Pseudomensia"", ""Amnesia retrogart"", ""Pikun"", ""Semua benar""]",[]
batch5_family_pair_q029,batch5_family_pair_q029_v02,6.3 okeoyeee with dr iksan and willy no -50.docx,B,58,326,331,gangguan ingatan pada pasien depresi di sebut dengan,"[""Demensia"", ""Pseudomensia"", ""Amnesia retrogart"", ""Pikun"", ""Semua benar""]",[]
batch5_family_pair_q030,batch5_family_pair_q030_v01,6.3 okeoyeee with dr iksan and willy no -50.docx,B,59,332,337,"urutan yang benar dari hirarki blok diagnosis gangguan jiwa berdasarkan PPDGJ III Gangguan mental organik, gangguan mental dan perilaku akibat zat psikoaktif, skizofrenia dan gangguan suasana perasaan Gangguan mental organik, skizofrenia, gangguan mental dan perilaku akibat zat psikoaktif Gangguan mental organik, gangguan mental dan perilaku akibat zat psikoaktif, gangguan suasana perasaan dan skizofrenia","[""Skizofrenia, gangguan mental organik, gangguan mental dan perilaku akibat zat psikoaktif, dan ganggguan suasana perasaan"", ""Perilaku akibat zat psikoaktif, skizofrenia, dan gangguan suasana perasaan dan gangguan mental organik""]",[]
batch5_family_pair_q031,batch5_family_pair_q031_v01,388802_Tutorial Jadi Youtuber Bro.docx,A,,206,211,"lesi didaerah cerebelopontine angle, sering mengakibatkan gangguan pada","[""Nervi IV"", ""Nervi V"", ""Nervi VI"", ""Nervi VIII"", ""Nervi IX""]",[]
batch5_family_pair_q031,batch5_family_pair_q031_v02,6.3 okeoyeee with dr iksan and willy no -50.docx,B,60,338,343,"lesi didaerah cerebelopontine angle, sering mengakibatkan gangguan pada","[""Nervi IV"", ""Nervi V"", ""Nervi VI"", ""Nervi VIII"", ""Nervi IX""]",[]
batch5_family_pair_q032,batch5_family_pair_q032_v01,388802_Tutorial Jadi Youtuber Bro.docx,A,,340,345,"Dibawah ini yang benar tentang Neuritis Vestibularis, Kecuali…","[""Onset mendadak"", ""Tidak terjadi hilang pendengaran"", ""Terjadi peradangan pada N. Vestibularis"", ""Disebabkan oleh virus"", ""Terdapat gangguan pendengaran""]",[]
batch5_family_pair_q032,batch5_family_pair_q032_v02,6.3 okeoyeee with dr iksan and willy no -50.docx,B,61,344,349,"Dibawah ini yang benar tentang Neuritis Vestibularis, Kecuali…","[""Onset mendadak"", ""Tidak terjadi hilang pendengaran"", ""Terjadi peradangan pada N. Vestibularis"", ""Disebabkan oleh virus"", ""Terdapat gangguan pendengaran""]",[]
batch5_family_pair_q033,batch5_family_pair_q033_v01,388802_Tutorial Jadi Youtuber Bro.docx,A,,164,169,"Psikoterapi suportif yang dilakukan dengan menerangkan secara masuk akal tentang gejala-gejala penyakitnya yang timbul akibat cara berpikir, perasaan, dan sikapnya terhadap masalah yang dihadapinya, disebut sebagai…","[""Ventilasi"", ""Persuasi"", ""Sugesti"", ""Reassurance"", ""Penyuluhan (konseling)""]",[]
batch5_family_pair_q033,batch5_family_pair_q033_v02,6.3 okeoyeee with dr iksan and willy no -50.docx,B,62,350,355,"Psikoterapi suportif yang dilakukan dengan menerangkan secara masuk akal tentang gejala-gejala penyakitnya yang timbul akibat cara berpikir, perasaan, dan sikapnya terhadap masalah yang dihadapinya, disebut sebagai…","[""Ventilasi"", ""Persuasi"", ""Sugesti"", ""Reassurance"", ""Penyuluhan (konseling)""]",[]
batch5_family_pair_q034,batch5_family_pair_q034_v01,388802_Tutorial Jadi Youtuber Bro.docx,A,,188,193,Selubung myelin yang melapisi sistem saraf memiliki fungsi sebagai:,"[""Kontraktilitas otot"", ""Insulator listrik"", ""Metabolisme sistem saraf"", ""Pasokan energy untuk neuron"", ""Pencegahan dalam peradangan atau infeksi""]",[]
batch5_family_pair_q034,batch5_family_pair_q034_v02,6.3 okeoyeee with dr iksan and willy no -50.docx,B,63,356,361,Selubung myelin yang melapisi sistem saraf memiliki fungsi sebagai:,"[""Kontraktilitas otot"", ""Insulator listrik"", ""Metabolism sistem saraf"", ""Pasokan energy untuk neuron"", ""Pencegahan dalam peradangan atau infeksi""]",[]
batch5_family_pair_q035,batch5_family_pair_q035_v01,6.3 okeoyeee with dr iksan and willy no -50.docx,B,64,362,367,Fenomena psikopatologi yang muncul dari keluhan pasien dan bersifat subyektif disebut…,"[""Tanda klinis gangguan jiwa,"", ""Gejala klinis gangguan jiwa, yang dirasakan objektif"", ""Sindroma klinis gangguan jiwa,"", ""Semua benar"", ""Semua salah""]",[]
batch5_family_pair_q036,batch5_family_pair_q036_v01,388802_Tutorial Jadi Youtuber Bro.docx,A,,230,235,"Seseorang datang ke UGD, bicara pelo, kelemahan anggota gerak sebelah kiri timbul mendadak tadi pagi saat bangun tidur. Dimanakah terjadi kerusakan?","[""Arteri cerebri anterior dan posterior (kaki)"", ""Arteri cerebri media (tangan atas dan wajah)"", ""Arteri carotis komunis"", ""Arteri basilaris - keseimbangan"", ""Arteri cerebelaris""]",[]
batch5_family_pair_q036,batch5_family_pair_q036_v02,6.3 okeoyeee with dr iksan and willy no -50.docx,B,65,368,373,"Seseorang datang ke UGD, bicara pelo, kelemahan anggota gerak sebelah kiri timbul mendadak tadi pagi saat bangun tidur. Dimanakah terjadi kerusakan?","[""Arteri cerebri anterior dan posterior"", ""Arteri cerebri media"", ""Arteri carotis komunis"", ""Arteri basilaris"", ""Arteri cerebelaris""]",[]
batch5_family_pair_q037,batch5_family_pair_q037_v01,6.3 okeoyeee with dr iksan and willy no -50.docx,B,66,374,379,"Pernyataan tentang Tumor Otak dibawah ini adalah benar, kecuali…","[""Laki-laki > wanita"", ""Dapat berasal dari semua komponen sel otak"", ""Semua tumor otak memerlukan tindakan operasi, Khemoterapi dan Radiasi"", ""Meliputi tumor intracranial, spinal, dan metastase"", ""Insiden yang bertambah setiap tahunnya""]",[]
batch5_family_pair_q038,batch5_family_pair_q038_v01,388802_Tutorial Jadi Youtuber Bro.docx,A,,39,43,"Tn. M, 50 tahun Seorang pengusaha sukses di jambi dirawat di bagian syaraf RS. Raden Mattaher karena tidak bisa berjalan yang disebabkan 1 jam sebelum masuk RS, saat penderita sedang BAB tiba-tiba penderita mengalami kelemahan pada lengan kiri ddan tungkai kiri. Hal ini terjadi untuk yang pertama kali. Pada saat serangan penderita tampak selalu mengantuk dan susah diajak komunikasi. Disertai sakit kepala, mual dan muntah. Tanpa disertai kejang dan gangguan rasa pada sisi yang lemah. Kelemahan lengan kiri dan tungkai kiri sama berat. Saat mengobrol bicaranya pelo dan lidah deviasi ke kiri saat dijulurkan, tidak ada atropi papil lidah dan fasikulasi (-). Saat mengerutkan sahi simetris, kedua kelopak mata dapat menutup sempurna, namun saat meringis sisi mulut kiri tertinggal. Sehari-hari pederita bekerja dengan tangan kanan. Penderita masih dapat mengungkapkan isi pikirannya secara lisan, tulisan dan isyarat. Penderita juga masih dapat mengerti isi pikiran orang lain yang diungkapkan secara lisan, tulisan dan isyarat. Reflex dan tonus pada sisi yang lemah meningkat.Diagnosis klinis pada kasus diatas adalah…","[""Hemiparese sinistra tipe flaksid UMN"", ""Hemiparese sinistra tipe stastic LMN"", ""Stroke non hemoragik"", ""Stroke hemoragik""]",[]
batch5_family_pair_q038,batch5_family_pair_q038_v02,6.3 okeoyeee with dr iksan and willy no -50.docx,B,67,380,385,"Tn. M, 50 tahun Seorang pengusaha sukses di jambi dirawat di bagian syaraf RS. Raden Mattaher karena tidak bisa berjalan yang disebabkan 1 jam sebelum masuk RS, saat penderita sedang BAB tiba-tiba penderita mengalami kelemahan pada lengan kiri ddan tungkai kiri. Hal ini terjadi untuk yang pertama kali. Pada saat serangan penderita tampak selalu mengantuk dan susah diajak komunikasi. Disertai sakit kepala, mual dan muntah. Tanpa disertai kejang dan gangguan rasa pada sisi yang lemah. Kelemahan lengan kiri dan tungkai kiri sama berat. Saat mengobrol bicaranya pelo dan lidah deviasi ke kiri saat dijulurkan, tidak ada atropi papil lidah dan fasikulasi (-). Saat mengerutkan sahi simetris, kedua kelopak mata dapat menutup sempurna, namun saat meringis sisi mulut kiri tertinggal. Sehari-hari pederita bekerja dengan tangan kanan. Penderita masih dapat mengungkapkan isi pikirannya secara lisan, tulisan dan isyarat. Penderita juga masih dapat mengerti isi pikiran orang lain yang diungkapkan secara lisan, tulisan dan isyarat. Reflex dan tonus pada sisi yang lemah meningkat. Diagnosis klinis pada kasus diatas adalah…","[""Hemiparese sinistra tipe flaksid"", ""Hemiparese sinistra tipe stastic"", ""Stroke non hemoragik"", ""Stroke hemoragik""]",[]
batch5_family_pair_q039,batch5_family_pair_q039_v01,388802_Tutorial Jadi Youtuber Bro.docx,A,,134,139,"Seorang pria 60 tahun dibawa ke IGD karena merasakan kelemahan yang tiba-tiba di anggota gerak atas dan bawah bagian kanan. Kelemahan tersebut dirasakan seusai pasien shalat subuh. Setelah pasien merasa lemah, pasien masih bisa beralih ke tempat tidur dan meminta tolong kepada keluarga. Saat tiba di IGD, pasien sudah tidak bisa menggerakkan tangan dan kaki bagian kanan. Pasien diketahui memiliki riwayat diabetes dan penyakit gout. Pemeriksaan di IGD kesadaran komposmentis, tekanan darah pada 180/100 mmHg. Diagnosis pasien ini adalah…","[""Stroke hemoragik"", ""Stroke non hemoragik"", ""Gout eksaserbasi akut"", ""Paraplegi"", ""Sindrom cauda equine""]",[]
batch5_family_pair_q039,batch5_family_pair_q039_v02,6.3 okeoyeee with dr iksan and willy no -50.docx,B,68,386,391,"Seorang pria 60 tahun dibawa ke IGD karena merasakan kelemahan yang tiba-tiba di anggota gerak atas dan bawah bagian kanan. Kelemahan tersebut dirasakan seusai pasien shalat subuh. Setelah pasien merasa lemah, pasien masih bisa beralih ke tempat tidur dan meminta tolong kepada keluarga. Saat tiba di IGD, pasien sudah tidak bisa menggerakkan tangan dan kaki bagian kanan. Pasien diketahui memiliki riwayat diabetes dan penyakit gout. Pemeriksaan di IGD kesadaran komposmentis, tekanan darah pada 180/100 mmHg. Diagnosis pasien ini adalah…","[""Stroke hemoragik"", ""Stroke non hemoragik"", ""Gout eksaserbasi akut"", ""Paraplegi"", ""Sindrom cauda equine""]",[]
batch5_family_pair_q040,batch5_family_pair_q040_v01,388802_Tutorial Jadi Youtuber Bro.docx,A,,346,348,"Beberapa hal dibawah ini termasuk gejala dan tanda dari nyeri kepala tipe migren, kecuali..","[""Serangan selalu diawali dengan adanya aura"", ""Lokasinya sering unilateral""]",[]
batch5_family_pair_q040,batch5_family_pair_q040_v02,6.3 okeoyeee with dr iksan and willy no -50.docx,B,69,392,397,"Beberapa hal dibawah ini termasuk gejala dan tanda dari nyeri kepala tipe migren, kecuali..","[""Serangan selalu diawali dengan adanya aura"", ""Lokasinya sering unilateral"", ""Nyeri kepala bisa bifrontal"", ""Nyeri kepala tidak disertai adanya gangguan organik lain"", ""Nyeri kepala berkurang dengan tiduran""]",[]
batch5_family_pair_q041,batch5_family_pair_q041_v01,388802_Tutorial Jadi Youtuber Bro.docx,A,,507,509,"Seorang wanita berusia 38 tahun mengeluh hampir setiap hari selama beberapa minggu ini merasa khawatir. Perasaan khawatir tersebut disertai dengan keluhan firasat-firasat buruk, gelisah, keluhanepigastik serta sulit untuk tidur. Ia selalu cemas jangan-jangan akan terjadi sesuatu terhadap keluarganya. Diagnosis yang paling memungkinkan adalah…","[""Reaksi stress akut"", ""Inisial insomnia""]",[]
batch5_family_pair_q041,batch5_family_pair_q041_v02,6.3 okeoyeee with dr iksan and willy no -50.docx,B,70,398,403,"Seorang wanita berusia 38 tahun mengeluh hampir setiap hari selama beberapa minggu ini merasa khawatir. Perasaan khawatir tersebut disertai dengan keluhan firasat-firasat buruk, gelisah, keluhanepigastik serta sulit untuk tidur. Ia selalu cemas jangan-jangan akan terjadi sesuatu terhadap keluarganya. Diagnosis yang paling memungkinkan adalah…","[""Reaksi stress akut"", ""Inisial insomnia"", ""Gangguan penyesuaian, deprsesi ke cemas"", ""Gangguan ansietas menyeluruh"", ""Gangguan ansietas fobik, pencetus""]",[]
batch5_family_pair_q042,batch5_family_pair_q042_v01,388802_Tutorial Jadi Youtuber Bro.docx,A,,122,127,"berikut ini merupakan gejala-gejala manic, kecuali…","[""Logore"", ""Flight of idea"", ""Distraktibilitas"", ""Insomnia"", ""Kebutuhan tidur berkurang""]",[]
batch5_family_pair_q042,batch5_family_pair_q042_v02,6.3 okeoyeee with dr iksan and willy no -50.docx,B,71,404,409,"berikut ini merupakan gejala-gejala manic, kecuali…","[""Logore,"", ""Flight of idea"", ""Distraktibilitas"", ""Insomnia"", ""Kebutuhan tidur berkurang""]",[]
batch5_family_pair_q043,batch5_family_pair_q043_v01,388802_Tutorial Jadi Youtuber Bro.docx,A,,478,482,"Mekanisme terjadinya bipolar diduga karena oleh beberapa teori, yang termasuk hipotensi kolinergik adalah …","[""Kelebihan Ach menyebabkan ketidakseimbangan kolinergik dopaminergik meningkatkan resiko manic"", ""Agen yang menyebabkan pengingkatan Ach menurunkan gejala manic"", ""Kelebihan katekolamin menyebabkan mania"", ""Deficit neurotransmitter (NE,Serotonin) menyebabkan depresi""]",[]
batch5_family_pair_q043,batch5_family_pair_q043_v02,6.3 okeoyeee with dr iksan and willy no -50.docx,B,72,410,414,"Mekanisme terjadinya bipolar diduga karena oleh beberapa teori, yang termasuk hipotensi kolinergik adalah …","[""Kelebihan Ach menyebabkan ketidakseimbangan kolinergik dopaminergik meningkatkan resiko manic"", ""Agen yang menyebabkan pengingkatan Ach menurunkan gejala manic"", ""Kelebihan katekolamin menyebabkan mania"", ""Deficit neurotransmitter (NE,Serotonin) menyebabkan depresi""]",[]
batch5_family_pair_q044,batch5_family_pair_q044_v01,388802_Tutorial Jadi Youtuber Bro.docx,A,,19,23,"Berdasarkan UU No. 35 tahun 2009 tentang narkotika, opium termasuk narkotika golongan I dimana semua bagian opium berbahaya, kecuali?","[""Bunga"", ""Daun"", ""Batang"", ""Biji""]",[]
batch5_family_pair_q044,batch5_family_pair_q044_v02,6.3 okeoyeee with dr iksan and willy no -50.docx,B,73,415,419,"Berdasarkan UU no. 35 tahun 2009 tentang narkotika, opium termasuk narkotika golongan I, dimana semua bagian dari opium berbahaya, kecuali..","[""Bunga"", ""Daun"", ""Batang"", ""Biji""]",[]
batch5_family_pair_q045,batch5_family_pair_q045_v01,388802_Tutorial Jadi Youtuber Bro.docx,A,,318,322,Anti convulsant yang dapat digunakan sebagai mood stabilizer adalah..,"[""Fenitoin"", ""Lamotrigine (-as.praphoat-carbamazepine)"", ""Gabapentin"", ""Phenobarbital""]",[]
batch5_family_pair_q045,batch5_family_pair_q045_v02,6.3 okeoyeee with dr iksan and willy no -50.docx,B,74,420,424,Anti convulsant yang dapat digunakan sebagai mood stabilizer adalah..contohmanitol,"[""Fenitoin"", ""Lamotrigine"", ""Gabapentin"", ""Phenobarbital""]",[]
batch5_family_pair_q046,batch5_family_pair_q046_v01,388802_Tutorial Jadi Youtuber Bro.docx,A,,323,328,"Semua Nervi Craniales keluar dari batang otak, kecuali…","[""N. I"", ""N II"", ""N. III"", ""N. I dan N. II"", ""N. I, II, dan III""]",[]
batch5_family_pair_q046,batch5_family_pair_q046_v02,6.3 okeoyeee with dr iksan and willy no -50.docx,B,75,425,430,"Semua Nervi Craniales keluar dari batang otak, kecuali…","[""N. I"", ""N II"", ""N. III"", ""N. I dan N. II"", ""N. I, II, dan III""]",[]
batch5_family_pair_q047,batch5_family_pair_q047_v01,388802_Tutorial Jadi Youtuber Bro.docx,A,,50,55,"Seorang wanita berusia 39 tahun, dibawa ke fasilitas kesehatan karena dijumpai keganjilan terhadap penderita. Penderita sering berbelanja hal-hal yang tidak penting, perilaku boros, sering mebagi-bagikan barang-barang kepada orang-orang. Penderita juga keliatan banyak bicara, bicara menggebu-gebu, hiperaktif dan terkesan tidak butuh tidur. Penderita juga sering mengatakan bahwa ia adalah orang yang paling sukses dan sangat kaya sehingga sering mengatakan jika ada yang butuh bantuan dia pasti sanggup membantu. Padahal beberapa bulan yang lalu, penderita mengalami kebangkrutan dalam menjalankan usahanya. Karena kebangkrutan tersebut penderita sering menyendiri, sedih, tidak bersemangat, sulit tidur, pesimis, dan perasaan bersalah. Pengobatan yang tepat untuk gangguan diatas adalah…","[""Anti psikotik"", ""Mood stabilizer"", ""Mood stabilizer + anti psikotik"", ""Anti depresi"", ""Mood stabilizer + anti depresi""]",[]
batch5_family_pair_q047,batch5_family_pair_q047_v02,6.3 okeoyeee with dr iksan and willy no -50.docx,B,76,431,437,"Seorang wanita berusia 39 tahun, dibawa ke fasilitas kesehatan karena dijumpai keganjilan terhadap penderita. Penderita sering berbelanja hal-hal yang tidak penting, perilaku boros, sering mebagi-bagikan barang-barang kepada orang-orang. Penderita juga keliatan banyak bicara, bicara menggebu-gebu, hiperaktif dan terkesan tidak butuh tidur. Penderita juga sering mengatakan bahwa ia adalah orang yang paling sukses dan sangat kaya sehingga sering mengatakan jika ada yang butuh bantuan dia pasti sanggup membantu. Padahal beberapa bulan yang lalu, penderita mengalami kebangkrutan dalam menjalankan usahanya. Karena kebangkrutan tersebut penderita sering menyendiri, sedih, tidak bersemangat, sulit tidur, pesimis, dan perasaan bersalah. Pengobatan yang tepat untuk gangguan diatas adalah…","[""Anti psikotik"", ""Mood stabilizer"", ""Mood stabilizer + anti psikotik"", ""Anti depresi"", ""Mood stabilizer + anti depresi""]","[""Depresi lebih dari 2mimggu nafsu makan""]"
batch5_family_pair_q048,batch5_family_pair_q048_v01,388802_Tutorial Jadi Youtuber Bro.docx,A,,224,229,"Gejala-gejala dibawah ini mengarah kepada Tumor Otak pada Lobus Frontal, Kecuali..","[""Inappropriate behavior"", ""Personality changes"", ""Motorik disfunction"", ""Headache"", ""Hemianopsia visual""]",[]
batch5_family_pair_q048,batch5_family_pair_q048_v02,6.3 okeoyeee with dr iksan and willy no -50.docx,B,77,438,443,"Gejala-gejala dibawah ini mengarah kepada Tumor Otak pada Lobus Frontal, Kecuali..","[""Inappropriate behavior"", ""Personality changes"", ""Motorik disfunction"", ""Headache"", ""Hemianopsia visual""]",[]
batch5_family_pair_q049,batch5_family_pair_q049_v01,6.3 okeoyeee with dr iksan and willy no -50.docx,B,78,444,449,"Nyeri kepala karena peningkatan tekanan intracranial oleh karena tumor otak dapat disebabkan oleh, kecuali…","[""Efek massa dari tumor itu sendiri"", ""Adanya perubahan bentuk tulang otak"", ""Hidrocephalus"", ""Efek massa karena adanya perdarahan"", ""Efek massa karena edema otak""]",[]
batch5_family_pair_q050,batch5_family_pair_q050_v01,388802_Tutorial Jadi Youtuber Bro.docx,A,,152,156,"Seorang wanita berusia 37 tahun datang dengan keluhan sering sedih dan tidak bersemangat. Gejala tersebut disertai dengan sulit konsentrasi, sulit tidur, rasa tidak berharga dan berkurangnya nafsu makan. Hal tersebut dialami selama beberapa bulan. Kira-kira 6 bulan sebelumnya pasien mengalami gejala banyak bicara, gampang marah, dan berperilaku boros. Pengobatan yang tepat untuk kasus tersebut adalah..","[""Obat anti depresi"", ""Obat ansietas"", ""Mood stabilizer"", ""Obat antipsikotik""]",[]
batch5_family_pair_q050,batch5_family_pair_q050_v02,6.3 okeoyeee with dr iksan and willy no -50.docx,B,79,450,455,"Seorang wanita berusia 37 tahun datang dengan keluhan sering sedih dan tidak bersemangat. Gejala tersebut disertai dengan sulit konsentrasi, sulit tidur, rasa tidak berharga dan berkurangnya nafsu makan. Hal tersebut dialami selama beberapa bulan. Kira-kira 6 bulan sebelumnya pasien mengalami gejala banyak bicara, gampang marah, dan berperilaku boros. Pengobatan yang tepat untuk kasus tersebut adalah..ggn cemas menyeluruh","[""Obat anti depresi, benziizin"", ""Obat ansietas"", ""Mood stabilizer"", ""Obat antipsikotik"", ""Terapi kejang listrik""]",[]
batch5_family_pair_q051,batch5_family_pair_q051_v01,388802_Tutorial Jadi Youtuber Bro.docx,A,,182,186,Berikut ini merupakan penyakit yang disebabkan gangguan mental organic (GMO) kecuali?,"[""Demensia"", ""Delirium"", ""Depresi berat"", ""Sindroma amnestic organik bukan akibat alcohol dan zat psikoaktif""]",[]
batch5_family_pair_q051,batch5_family_pair_q051_v02,388802_Tutorial Jadi Youtuber Bro.docx,A,,466,471,"berikut ini merupakan penyakit yang dapat menyebabkan gangguan memori, kecuali…","[""Depresi"", ""Demensia"", ""Delirium"", ""Cemas"", ""Skizoprenia""]",[]
batch5_family_pair_q051,batch5_family_pair_q051_v03,6.3 okeoyeee with dr iksan and willy no -50.docx,B,80,456,461,"berikut ini merupakan penyakit yang dapat menyebabkan gangguan memori, kecuali…","[""Depresi"", ""Demensia"", ""Delirium"", ""Cemas"", ""Skizoprenia""]",[]
batch5_family_pair_q052,batch5_family_pair_q052_v01,388802_Tutorial Jadi Youtuber Bro.docx,A,,455,459,Dibawah ini yang merupakan karakteristik dari antipsikosis atipikal (second generation antipsycosis) adalah,"[""bekerja dengan menghambat serotonin dan D4"", ""menyebabkan hiperprolaktinema"", ""menimbulkan efek ekstrapiramidal yang hebat"", ""efektif mengatasi gejala positif""]",[]
batch5_family_pair_q052,batch5_family_pair_q052_v02,6.3 okeoyeee with dr iksan and willy no -50.docx,B,81,462,466,Dibawah ini yang merupakan karakteristik dari antipsikosis atipikal (second generation antipsycosis) adalah,"[""bekerja dengan menghambat serotonin dan D4"", ""menyebabkan hiperprolaktinema, ektrapiramidal apg1"", ""menimbulkan efek ekstrapiramidal yang hebat, apg1"", ""efektif mengatasi gejala positif, apg1""]",[]
batch5_family_pair_q053,batch5_family_pair_q053_v01,388802_Tutorial Jadi Youtuber Bro.docx,A,,146,151,"Tujuan pengobatan demensia adalah, kecuali?","[""mempertahankan kualitas hidup"", ""mengobati gangguan secara total"", ""memperlambat progresivitas"", ""mengobati penyakit penyerta"", ""membantu keluarga, memberi informasi cara-cara penanganan yang manfaat""]",[]
batch5_family_pair_q053,batch5_family_pair_q053_v02,6.3 okeoyeee with dr iksan and willy no -50.docx,B,82,467,472,Tujuan pengobatan demensia adalah KECUALI,"[""mempertahankan kualitas hidup"", ""mengobati gangguan secara total"", ""memperlambat progresivitas"", ""mengobati penyakit penyerta"", ""membantu keluarga, memberi informasi cara-cara penanganan yang manfaat""]",[]
batch5_family_pair_q054,batch5_family_pair_q054_v01,388802_Tutorial Jadi Youtuber Bro.docx,A,,170,175,"Ketidaksesuaian antara pengalaman gerakan yang sudah tersimpan di otak dengan gerakan yang sedang di hadapi sehingga menimbulkan gerakan aneh yang kemudian akan mengaktifasi sistema saraf otonom sehingga terjadi vertigo, disebut teori","[""teori konflik sensoris"", ""teori rangsang berlebihan"", ""teori otonomik"", ""teori neural mismatch"", ""teori neuro-humoral""]",[]
batch5_family_pair_q054,batch5_family_pair_q054_v02,6.3 okeoyeee with dr iksan and willy no -50.docx,B,83,473,478,"Ketidaksesuaian antara pengalaman gerakan yang sudah tersimpan di otak dengan gerakan yang sedang di hadapi sehingga menimbulkan gerakan aneh yang kemudian akan mengaktifasi sistema saraf otonom sehingga terjadi vertigo, disebut teori","[""teori konflik sensoris"", ""teori rangsang berlebihan"", ""teori otonomik"", ""teori neural mismatch"", ""teori neuro-humoral""]",[]
batch5_family_pair_q055,batch5_family_pair_q055_v01,6.3 okeoyeee with dr iksan and willy no -50.docx,B,85,485,490,"Ny. Wati, 40 tahun, datang ke RS untuk menjalani pemeriksaan karena ada sesuatu yang mengganjal ditenggorokannya. Namun hasil pemeriksaan menunjukkan tidak ditemukan kelainan apapun padanya. Ia mengaku sudah merasakan adanya sesuatu yang mengganjal ditenggorokannya sejak 3 bulan berakhir. Ny. Wali menduga ia terkena kanker atau penyakit lainnya. Namun dari hasil pemeriksaan semuanya negatif. Apa diagnosis kasus diatas?","[""Gangguan cemas menyeluruh, cmeas, ketagang mororik, overaktifas otomik, sesak nafas 6 bulan"", ""Fobia sosial"", ""hipokondriasis, ggn menderita tapi hasil pemeriksaan penyakit"", ""gangguan panik, panik tanpa fobia, terjadi 1 bulan, keringan dingin, pesang,"", ""gangguan somatisasi, gejala gejala""]",[]
batch5_family_pair_q056,batch5_family_pair_q056_v01,6.3 okeoyeee with dr iksan and willy no -50.docx,B,86,491,496,"Seorang wanita, umur 36 tahun mengalami suatu peristiwa trauma hebat karena mengalami kecelakaan berat kira-kira 2 bulan yang lalu. Mengalami mimpi-mimpi mengenai kejadian tersebut dan bayangan bayangan kejadian trauma tersebut. Ketakutan yang hebat dan menghindari tempat kejadian trauma tersebut. Diagnosis yang tepat adalah","[""gangguan panik"", ""serangan panik"", ""reaksi stres akut, bencana kematuian, 3 – 4 hari 1 bulan"", ""gangguan stres pasca trauma"", ""gangguan penyesuaian, contoh pindah kerja,""]",[]
batch5_family_pair_q057,batch5_family_pair_q057_v01,388802_Tutorial Jadi Youtuber Bro.docx,A,,86,91,"Kecenderungan yang berulang atau menetap untuk melihat orang yang sedang berhubungan seksual atau berprilaku intim seperti sedang menanggalkan pakaian, disebut","[""frotteurisme"", ""pedofilia"", ""masokisme seksual"", ""eksibisionisme"", ""voyeurisme""]",[]
batch5_family_pair_q057,batch5_family_pair_q057_v02,6.3 okeoyeee with dr iksan and willy no -50.docx,B,87,497,502,"Kecenderungan yang berulang atau menetap untuk melihat orang yang sedang berhubungan seksual atau berprilaku intim seperti sedang menanggalkan pakaian, disebut","[""frotteurisme"", ""pedofilia"", ""masokisme seksual"", ""eksibisionisme"", ""voyeurisme""]",[]
batch5_family_pair_q058,batch5_family_pair_q058_v01,388802_Tutorial Jadi Youtuber Bro.docx,A,,495,500,"Seorang pasien laki-laki 55 tahun mengeluh kehilangan minat dan kegembiraan, mudah lelah, aktivitas dan konsentrasi menurun, serta nafsu makan berkurang. Hal tersebut sudah dirasakan selama 1 bulan terakhir. Pasien merasakan bahwa tidak mampu menjalankan pekerjaan dan urusan rumah tangganya seperti biasanya lagi. Dokter meresepkan obat antidepresan golongan SSRIs. Obat yang tepat diberikan oleh dokter adalah?","[""Fluoxetine"", ""Amitriptilin"", ""Reboxentine"", ""Clomipramine"", ""Selegiline""]",[]
batch5_family_pair_q058,batch5_family_pair_q058_v02,6.3 okeoyeee with dr iksan and willy no -50.docx,B,88,503,508,"Seorang pasien, laki-laki, 55 tahun mengeluhkan kehilangan minat dan kegembiraan, mudah lelah, aktifitas dan konsentrasi menurun serta nafsu makan berkurang. Hal tersebut sudah dirasakan selama 1 bulan terakhir. Pasien merasakan bahwa tidak mampu menjalankan pekerjaan dan urusan rumah tangganya seperti biasanya lagi. Dokter meresepkan obat antidepresan golongan SSRIs. Obat yang tepat diberikan oleh dokter adalah","[""fluoxetinefirst line dan stralim"", ""amitriptilin, tetarsiklik, gol secenod line"", ""reboxentin, ssri jarang pakai"", ""clomipramin,"", ""selegiline""]",[]
batch5_family_pair_q059,batch5_family_pair_q059_v01,388802_Tutorial Jadi Youtuber Bro.docx,A,,403,407,Zat yang terkandung dalam ganja yang bersifat lipofilik adalah,"[""tetrahidro cannabinol (THC)"", ""dihidro-cannabinol"", ""cannabinol (CBN)"", ""cannabidiol""]",[]
batch5_family_pair_q059,batch5_family_pair_q059_v02,6.3 okeoyeee with dr iksan and willy no -50.docx,B,89,509,513,Zat yang terkandung dalam ganja yang bersifat lipofilik adalah,"[""tetrahidro cannabinol (THC)"", ""dihidro-cannabinol"", ""cannabinol (CBN)"", ""cannabinol""]",[]
batch5_family_pair_q060,batch5_family_pair_q060_v01,388802_Tutorial Jadi Youtuber Bro.docx,A,,270,275,"Seorang pasien laki-laki, pegawai pabrik, 45 tahun, mengeluh sulit untuk jatuh tertidur sehingga seringkali menjelang fajar baru dapat tidur. Farmakoterapi yang tepat untuk tipe insomnia pasien tersebut tanpa merasakan kantuk pada pagi harinya adalah","[""triazolam"", ""flurazepam"", ""clonazepam"", ""clorazepam"", ""barbiturat""]",[]
batch5_family_pair_q060,batch5_family_pair_q060_v02,6.3 okeoyeee with dr iksan and willy no -50.docx,B,90,514,520,"Seorang pasien laki-laki, pegawai pabrik, 45 tahun, mengeluh sulit untuk jatuh tertidur sehingga seringkali menjelang fajar baru dapat tidur. Farmakoterapi yang tepat untuk tipe insomnia pasien tersebut tanpa merasakan kantuk pada pagi harinya adalah sulit mulai tdiur early sleep","[""triazolam"", ""flurazepam"", ""clonazepam"", ""clorazepam"", ""barbiturat""]","[""Ezta zolam /lorazepam""]"
batch5_family_pair_q061,batch5_family_pair_q061_v01,6.3 okeoyeee with dr iksan and willy no -50.docx,B,91,521,526,"Dibawah ini termasuk disfungsi seksual, kecuali","[""gangguan jalinan seksual"", ""frigiditas"", ""penolakan dan kurangnya kenikmatan seksual"", ""disfungsi ereksi"", ""ejakulasi dini""]",[]
batch5_family_pair_q062,batch5_family_pair_q062_v01,388802_Tutorial Jadi Youtuber Bro.docx,A,,212,216,Prognosis amnesia tergantung pada,"[""etiologi"", ""usia"", ""penatalaksanaan"", ""semua benar""]",[]
batch5_family_pair_q062,batch5_family_pair_q062_v02,6.3 okeoyeee with dr iksan and willy no -50.docx,B,92,527,532,Prognosis amnesia tergantung pada,"[""etiologi"", ""usia"", ""penatalaksanaan"", ""semua benar"", ""etiologi dan penatalaksanaan""]",[]
batch5_family_pair_q063,batch5_family_pair_q063_v01,388802_Tutorial Jadi Youtuber Bro.docx,A,,426,431,Dibawah ini yang termasuk tiga jenis reseptor alat keseimbangan tubuh yang benar adalah,"[""sel rambut dari krista dan otolit (vestibulum), sel cone dan rod retina (mata), sel raba kulit-sendi-tendon (propioseptik)"", ""sel rambut dan krista dan otolit (vestibulum), sel cone dan rod retina (mata), motorik"", ""cerebellum, sel cone dan rod retina (mata), sel raba kulit-sendi-tendon (proprioseptik)"", ""sel rambut dari krista dan otolit (vestibulum), lobus frontal, sel raba kulit-sendi-tendon (propioseptik)"", ""sel rambut dari krista dan otolit (vestibulum), sel cone dan rod retina (mata), N. Glosopharyngeus""]",[]
batch5_family_pair_q063,batch5_family_pair_q063_v02,6.3 okeoyeee with dr iksan and willy no -50.docx,B,93,533,538,Dibawah ini yang termasuk tiga jenis reseptor akibat keseimbangan tubuh yang benar adalah,"[""sel rambut dari krista dan otolit (vestibulum), sel cone dan rod retina (mata), sel raba kulit-sendi-tendon (propioseptik)"", ""sel rambut dan krista dan otolit (vestibulum), sel cone dan rod retina (mata), motorik"", ""cerebellum, sel cone dan rod retina (mata), sel raba kulit-sendi-tendon (proprioseptik)"", ""sel rambut dari krista dan otolit (vestibulum), sel cone dan rod retina (mata), N. Glosopharyngeus""]","[""d.sel rambut dari krista dan otolit (vestibulum), lobus frontal, sel raba kulit-sendi-tendon (propioseptik)""]"
batch5_family_pair_q064,batch5_family_pair_q064_v01,388802_Tutorial Jadi Youtuber Bro.docx,A,,460,465,Yang termasuk struktur peka nyeri intrakranial dibawah ini adalah,"[""artei ekstrakranial"", ""nervus servikal 1,2 dan 3"", ""nervus kranialis IV, VI, VIII"", ""telinga luar dan tengah"", ""mucosa sinus parasanal""]",[]
batch5_family_pair_q064,batch5_family_pair_q064_v02,6.3 okeoyeee with dr iksan and willy no -50.docx,B,94,539,544,Yang termasuk struktur peka nyeri intrakranial dibawah ini adalah,"[""artei ekstrakranial"", ""nervus servikal 1,2 dan 3"", ""nervus kranialis IV, VI, VIII"", ""telinga luar dan tengah"", ""mucosa sinus parasanal""]",[]
batch5_family_pair_q065,batch5_family_pair_q065_v01,6.3 okeoyeee with dr iksan and willy no -50.docx,B,95,545,550,Yang tidak sesuai dengan gangguan nyeri adalah,"[""keluhan yang predominan adalah nyeri berat, menyiksa dan menetap"", ""keluhan, manifestasi sesuai dengan penyebaran anatomik saraf"", ""ada faktor psikologik yang dinilai berkaitan secara etiologik dengan keluhan nyeri"", ""biasanya mulai secara tiba-tiba dan bertambah intensitasnya dalam beberapa minggu atau bulan"", ""diberikan antidepresan""]",[]
batch5_family_pair_q066,batch5_family_pair_q066_v01,388802_Tutorial Jadi Youtuber Bro.docx,A,,543,548,"Indikasi rawat pada cedera kepala ringan (CKR) adalah, kecuali","[""tinggal jauh dari RS"", ""GCS < 15"", ""CT scan tidak ada"", ""intoksikasi alcohol"", ""riwayat hilang kesadaran""]",[]
batch5_family_pair_q066,batch5_family_pair_q066_v02,6.3 okeoyeee with dr iksan and willy no -50.docx,B,96,551,556,"Indikasi rawat pada cedera kepala ringan (CKR) adalah, KECUALI","[""tinggal jauh dari RS"", ""GCS < 15"", ""CT scan tidak ada"", ""intoksikasi alcohol"", ""riwayat hilang kesadaran""]",[]
batch5_family_pair_q067,batch5_family_pair_q067_v01,388802_Tutorial Jadi Youtuber Bro.docx,A,,259,264,"Latihan fleksibilitas, latihan penguatan otot dapat dilakukan untuk mencegah keadaan","[""spastisitas berat"", ""disuse atrofi"", ""hipotensi postural"", ""inkontinensia urine"", ""bukan salah satu diatas""]",[]
batch5_family_pair_q067,batch5_family_pair_q067_v02,6.3 okeoyeee with dr iksan and willy no -50.docx,B,97,557,562,"Latihan fleksibilitas, latihan penguatan otot dapat dilakukan untuk mencegah keadaan","[""spastisitas berat"", ""disuse atrofi"", ""hipotensi postural"", ""inkontinensia urine"", ""bukan salah satu diatas""]",[]
batch5_family_pair_q068,batch5_family_pair_q068_v01,388802_Tutorial Jadi Youtuber Bro.docx,A,,380,385,"gejala-gejalaklinispada dandy walker, kecuali?","[""Hidrocefalus"", ""kejang"", ""agenesis corpus callosum"", ""nistagmus"", ""stroke haemorrage""]",[]
batch5_family_pair_q068,batch5_family_pair_q068_v02,6.3 okeoyeee with dr iksan and willy no -50.docx,B,98,563,568,"gejala-gejala klinis pada dandy walker, KECUALI","[""Hidrocefalus"", ""kejang"", ""agenesis corpus callosum"", ""nistagmus"", ""stroke haemorrage""]",[]
batch5_family_pair_q069,batch5_family_pair_q069_v01,6.3 okeoyeee with dr iksan and willy no -50.docx,B,99,569,574,"yang termasuk red flag dari nyeri kepala adalah, KECUALI","[""nyeri kepala yang terjadi setelah umur 50 tahun"", ""nyeri kepala yang terjadi mendadak"", ""nyeri kepala yang semakin dirasakan memberat"", ""nyeri kepala yang disertai pandangan kabur pada satu mata"", ""nyeri kepala yang berkaitan dengan trauma kepala""]",[]
batch5_family_pair_q070,batch5_family_pair_q070_v01,388802_Tutorial Jadi Youtuber Bro.docx,A,,501,506,Cairan serebrospinal yang mengalir disistem saraf pusat yang berfungsi sebagai penahan goncangan disekresikan oleh bagian,"[""pleksus khoroideus"", ""ventrikel lateral"", ""lobus temporal"", ""dura mater"", ""meninges""]",[]
batch5_family_pair_q070,batch5_family_pair_q070_v02,6.3 okeoyeee with dr iksan and willy no -50.docx,B,100,575,595,Cairan serebrospinal yang mengalir disistem saraf pusat yang berfungsi sebagai penahan goncangan disekresikan oleh bagian,"[""pleksus khoroideus"", ""ventrikel lateral"", ""lobus temporal"", ""dura mater"", ""meninges""]","[""Cttn farmako"", ""Obat antisikotik"", ""Generasi apg1, tipikal, patogenesis blok dopamin pada reseptor limbik, contoh haloperidol, klopromazin"", ""Generasi 2 apg2,atipikal, memblok sertonin dan dopamin, cpm,hesperidon, clozapin (pilihan terakhir),"", ""Efek ekstramidal dominan pada apg1 yaitu efek gelisa tremor, pusing ( ateksisa,, obat efeksamping ektrapiramidal, antihistamin, anti kolinergik, antagonis adingrik, antideresan"", ""Obat antidpressan"", ""Ssri, blokade serotinin aja, straline, fluxotine"", ""Snri, blokade dopamine, dan serotonine, venalvaxine"", ""Trisklik, amitripilin"", ""Maoi, selegine"", ""Obat napza"", ""Napza"", ""Narkotika gol1 ganja kokain herioin, gol 2morfin, gol3 kodein"", ""Psikotropika, gol1 ekstasi pil, gol 2 amftamine obat,gol3 penoparbital,gol4 diazepam"", ""Zat adiktif alkohol, etanol,""]"
batch5_family_pair_q071,batch5_family_pair_q071_v01,388802_Tutorial Jadi Youtuber Bro.docx,A,,218,223,Sakit kepala akibat tekanan intrakranial yang tinggi merupakan tanda khas dari infeksi otak:,"[""Abses serebri"", ""Meningitis TB"", ""Toxoplasmosis"", ""Ensefalitis"", ""Meningitis kriptokokus""]",[]
batch5_family_pair_q071,batch5_family_pair_q071_v02,6.3 okeoyeee with dr iksan and willy no -50.docx,B,,1,6,Sakit kepala akibat tekanan intrakranial yang tinggi merupakan tanda khas dari infeksi otak: harusnya tumor,"[""Abses serebri,"", ""Meningitis TB, kaku kuduk, kronis 2 minggu lebih"", ""Toxoplasmosis, gangguan umn"", ""Ensefalitis, kejang"", ""Meningitis kriptokokus,kaku kuduk""]",[]
batch5_family_pair_q072,batch5_family_pair_q072_v01,388802_Tutorial Jadi Youtuber Bro.docx,A,,4,6,Gangguan mental organic- gangguan mental dan perilaku akibat zat psikoaktif – gangguan suasana perasaan- skizofrenia,"[""Skizofrenia- gangguan mental otak- gangguan mental dan perilaku akibat zat psikoaktif- gangguan suasana perasaan"", ""Perilaku akibat zat psikoaktif- skizofrenia- gangguan suasana perasaan- gangguan mental organik""]",[]
batch5_family_pair_q073,batch5_family_pair_q073_v01,388802_Tutorial Jadi Youtuber Bro.docx,A,,7,12,Kondisi psikogenik primer dengan cirri gangguan utama pada jumlah kualitas atau waktu tidur akibat kausal emosional disebut?,"[""Dissomnia"", ""Parasomnia: gejala tidak mengenakkan"", ""Somnabulisme: ggn tidur berjalan"", ""Terror tidur"", ""Nightmare""]",[]
batch5_family_pair_q074,batch5_family_pair_q074_v01,388802_Tutorial Jadi Youtuber Bro.docx,A,,449,454,"Kelainan seperti hiperrefleksia, dan timbulnya refleks patologis dalam pemeriksaan neurologi menandakan keadaan klinis berupa:","[""Kelumpuhan UMN"", ""Kelumpuhan sistem saraf motorik"", ""Kelumpuhan sistem saraf otonomik"", ""Keluhan sistem saraf kranial"", ""Kelumpuhan LMN""]",[]
batch5_family_pair_q074,batch5_family_pair_q074_v02,6.3 okeoyeee with dr iksan and willy no -50.docx,B,,7,12,"Kelainan seperti hiperrefleksia, dan timbulnya refleks patologis dalam pemeriksaan neurologi menandakan keadaan klinis berupa:","[""Kelumpuhan UMN,"", ""Kelumpuhan sistem saraf motorik, lumpuh"", ""Kelumpuhan sistem saraf otonomik, ggn saraf para simpatis"", ""Keluhan sistem saraf kranial, saraf2 kranialis"", ""Kelumpuhan LMN, hipo,pataoloigi 0, layu""]",[]
batch5_family_pair_q075,batch5_family_pair_q075_v01,388802_Tutorial Jadi Youtuber Bro.docx,A,,98,100,Pemberian piridoksin dalam penatalaksanaan meningitis TB digunakan untuk mencegah:,"[""Neuritis opticus akibat pemberian etambutol"", ""Ototoksik akibat pemberian streptomisin""]",[]
batch5_family_pair_q075,batch5_family_pair_q075_v02,6.3 okeoyeee with dr iksan and willy no -50.docx,B,,13,15,Pemberian piridoksin dalam penatalaksanaan meningitis TB digunakan untuk mencegah:,"[""Neuritis opticus akibat pemberian etambutol"", ""Ototoksik akibat pemberian streptomisin""]",[]
batch5_family_pair_q076,batch5_family_pair_q076_v01,388802_Tutorial Jadi Youtuber Bro.docx,A,,101,103,Gangguan fungsi hepar akibat pemberian pirazinamid,"[""Neuropati perifer akibat pemberian isoniazid"", ""BAK merah""]",[]
batch5_family_pair_q076,batch5_family_pair_q076_v02,6.3 okeoyeee with dr iksan and willy no -50.docx,B,,16,18,Gangguan fungsi hepar akibat pemberian pirazinamid,"[""Neuropati perifer akibat pemberian isoniazid"", ""BAK merah""]",[]
batch5_family_pair_q077,batch5_family_pair_q077_v01,388802_Tutorial Jadi Youtuber Bro.docx,A,,334,339,"Berikut ini merupakan diagnosa banding dari delirium, Kecuali","[""Demensia"", ""Skizoprenia"", ""Histeria"", ""Depresi"", ""Semua salah""]",[]
batch5_family_pair_q077,batch5_family_pair_q077_v02,6.3 okeoyeee with dr iksan and willy no -50.docx,B,,19,24,"Berikut ini merupakan diagnosa banding dari delirium, Kecuali","[""Demensia"", ""Skizoprenia"", ""Histeria"", ""Depresi"", ""Semua salah""]",[]
batch5_family_pair_q078,batch5_family_pair_q078_v01,388802_Tutorial Jadi Youtuber Bro.docx,A,,24,28,"Mekanisme antihistamin sebagai anti vertigo belum jelas. Antihistamin yang mempunyai anti vertigo juga memiliki aktivitas anti-kolinergik di susunan saraf pusat, dibawah ini yang merupakan antihistamin juga anti vertigo adalah","[""Dimenhydrinate, promethazine"", ""Dimenhydrinate, miclizine"", ""Diphenhydramin, chlorpheniramin"", ""Diphenhydramin, prochlorperazine""]",[]
batch5_family_pair_q078,batch5_family_pair_q078_v02,6.3 okeoyeee with dr iksan and willy no -50.docx,B,,60,64,"Mekanisme antihistamin sebagai anti vertigo belum jelas. Antihistamin yang mempunyai anti vertigo juga memiliki aktivitas anti-kolinergik di susunan saraf pusat, dibawah ini yang merupakan antihistamin juga anti vertigo adalah (Dimenhydrinate, promethazine / diphenhydramine - sedative; prochlorperazine / miclizine– antiemetic)","[""Dimenhydrinate, promethazine"", ""Dimenhydrinate, miclizine"", ""Diphenhydramin, chlorpheniramin"", ""Diphenhydramin, prochlorperazine""]",[]
batch5_family_pair_q079,batch5_family_pair_q079_v01,388802_Tutorial Jadi Youtuber Bro.docx,A,,386,391,"Tindakan kriminal yang dilakukan oleh seseorang yang diduga memiliki kelainan jiwa perlu mendapatkan penyelidikan dari seorang ahli kesehatan jiwa, berupa","[""VER"", ""Visum et repertum psikiatrikum"", ""Surat keterangan sakit"", ""Surat keterangan"", ""Semua salah""]",[]
batch5_family_pair_q079,batch5_family_pair_q079_v02,6.3 okeoyeee with dr iksan and willy no -50.docx,B,,25,30,"Tindakan kriminal yang dilakukan oleh seseorang yang diduga memiliki kelainan jiwa perlu mendapatkan penyelidikan dari seorang ahli kesehatan jiwa, berupa","[""VER"", ""Visum et repertum psikiatrikum"", ""Surat keterangan sakit"", ""Surat keterangan"", ""Semua salah""]",[]
batch5_family_pair_q080,batch5_family_pair_q080_v01,388802_Tutorial Jadi Youtuber Bro.docx,A,,128,133,"Pernyataan yang benar terkait sindrom cavernosus, kecuali","[""Melibatkan n.III"", ""Melibatkan n.IV"", ""Melibatkan n.VI"", ""Melibatkan semua cabang n.V"", ""Melibatkan arteri carotis interna""]",[]
batch5_family_pair_q080,batch5_family_pair_q080_v02,6.3 okeoyeee with dr iksan and willy no -50.docx,B,,31,36,"Pernyataan yang benar terkait sindrom cavernosus, kecuali harus nya 3,4,6,cbng5 v1 v","[""Melibatkan n.III"", ""Melibatkan n.IV"", ""Melibatkan n.VI"", ""Melibatkan semua cabang n.V"", ""Melibatkan arteri carotis interna""]",[]
batch5_family_pair_q081,batch5_family_pair_q081_v01,6.3 okeoyeee with dr iksan and willy no -50.docx,B,,37,53,Penderita Amnesia paling banyak disebabkan oleh,"[""Penggunaan alkohol dan obat obatan"", ""Skizoprenia"", ""Trauma kepala"", ""Cemas"", ""Depresi""]","[""Axis 1: diagnosis"", ""Axis 2: retrdasi mental dan perilaku"", ""Axis 3: Gangguan organ ( DM, hipertensi)"", ""Axis 4: Masalah psikososial yang mendukung axis 1"", ""Axis 5: GAP Score ( Diagnosis menyeluruh)"", ""Axis IV sangat penting terutama dalam menentukan"", ""Prognosis"", ""Diagnosis"", ""Penentuan axis"", ""Farmakoterapi"", ""Penentuan axis 1""]"
batch5_family_pair_q082,batch5_family_pair_q082_v01,388802_Tutorial Jadi Youtuber Bro.docx,A,,44,49,Tenaga kesehatan berhak mendapatkan imbalan dan perlindungan hokum dalam melaksanakan tugas sesuai profesinya terdapat dalam?,"[""Pasal 25 uu no 36 tahun 2009"", ""Pasal 26 uu no 36 tahun 2009"", ""Pasal 27 uu no 36 tahun 2009"", ""Pasal 28 uu no 36 tahun 2009"", ""Pasal 29 uu no 36 tahun 2009""]",[]
batch5_family_pair_q082,batch5_family_pair_q082_v02,6.3 okeoyeee with dr iksan and willy no -50.docx,B,,54,59,"Tenaga kesehatan berhak mendapatkan imbalan dan perlindungan hukum dalam melaksanakan tugas sesuai dengan profesinya, terdapat dalam","[""Pasal 25 undang-undang nomon 36 tahun 2009"", ""Pasal 26 undang-undang nomon 36 tahun 2009"", ""Pasal 27 undang-undang nomon 36 tahun 2009"", ""Pasal 28 undang-undang nomon 36 tahun 2009"", ""Pasal 29 undang-undang nomon 36 tahun 2009""]",[]
batch5_family_pair_q083,batch5_family_pair_q083_v01,388802_Tutorial Jadi Youtuber Bro.docx,A,,63,68,Tujuan rehabilitasi pada ulkus decubitus adalah?,"[""Mengkatkan lingkup gerak sendi"", ""Mencegah menjadi lebih parah"", ""Memperbaiki sirkulasi darah kejaringan"", ""Mencegah thrombosis ______"", ""Meredakan gejala ortostatik""]",[]
batch5_family_pair_q084,batch5_family_pair_q084_v01,388802_Tutorial Jadi Youtuber Bro.docx,A,,104,109,"Peristiwa episodik abnormal yang terjadi selama tidur, disebut","[""Dissomnia"", ""Parasomnia"", ""Somnambulisme"", ""Teror tidur"", ""Nightmare""]",[]
batch5_family_pair_q084,batch5_family_pair_q084_v02,6.3 okeoyeee with dr iksan and willy no -50.docx,B,,65,70,"Peristiwa episodik abnormal yang terjadi selama tidur, disebut","[""Dissomnia"", ""Parasomnia"", ""Somnambulisme"", ""Teror tidur"", ""Nightmare""]",[]
batch5_family_pair_q085,batch5_family_pair_q085_v01,388802_Tutorial Jadi Youtuber Bro.docx,A,,276,281,Evaluasi yang dilakukan sebelum tindakan ECT adalah,"[""Kimia darah, urin lengkap, MRI, dan EEG"", ""Kimia darah, urin lengkap, CT-Scan, dan EKG"", ""Kimia darah, urin lengkap, rontgen thorax, dan EKG"", ""Kimia darah, urin lengkap, CT-Scan dan EEG"", ""Kimia darah, urin lengkap, rontgen thorax, dan EEG""]",[]
batch5_family_pair_q085,batch5_family_pair_q085_v02,6.3 okeoyeee with dr iksan and willy no -50.docx,B,,71,76,Evaluasi yang dilakukan sebelum tindakan ECT adalah,"[""Kimia darah, urin lengkap, MRI, dan EEG"", ""Kimia darah, urin lengkap, CT-Scan, dan EKG"", ""Kimia darah, urin lengkap, rontgen thorax, dan EKG"", ""Kimia darah, urin lengkap, CT-Scan dan EEG"", ""Kimia darah, urin lengkap, rontgen thorax, dan EEG""]",[]
batch5_family_pair_q086,batch5_family_pair_q086_v01,388802_Tutorial Jadi Youtuber Bro.docx,A,,414,419,"Salah satu karakteristik dari seizure atau bangkitan adalah muncul mendadak secara tiba-tiba tanpa pemicu atau provokasi, dan juga hilang secara tiba-tiba. Terminologi yang menjelaskan cara ini adalah","[""Stereotipik"", ""Automatisme"", ""Myoklonik"", ""Paroksismal"", ""Oversynchronized""]",[]
batch5_family_pair_q086,batch5_family_pair_q086_v02,6.3 okeoyeee with dr iksan and willy no -50.docx,B,,77,82,"Salah satu karakteristik dari seizure atau bangkitan adalah muncul mendadak secara tiba-tiba tanpa pemicu atau provokasi, dan juga hilang secara tiba-tiba. Terminologi yang menjelaskan cara ini adalah","[""Stereotipik"", ""Automatisme"", ""Myoklonik"", ""Paroksismal"", ""Oversynchronized""]",[]
batch5_family_pair_q087,batch5_family_pair_q087_v01,388802_Tutorial Jadi Youtuber Bro.docx,A,,140,145,Blood-Brain Barrier merupakan sistem otak yang melapisi dinding pembuluh darah otak yang berfungsi sebagai?,"[""Perlindungan otak dari kandungan darah di sirkulasi"", ""Perlindungan otak dari LCS"", ""Menghasilkan LCS"", ""Mengalirkan LCS"", ""Perlindungan dan pertumbuhan sel abnormal""]",[]
batch5_family_pair_q087,batch5_family_pair_q087_v02,6.3 okeoyeee with dr iksan and willy no -50.docx,B,,83,93,Blood-Brain Barrier merupakan sistem otak yang melapisi dinding pembuluh darah otak yang berfungsi sebagai,"[""Perlindungan otak dari kandungan darah di sirkulasi"", ""Perindungan otk dari LCS"", ""Menghasilkan LCS ( plexus )"", ""Mengalirkan LCS"", ""Perlindungan dan pertumbuhan sel abnormal ( mikroglia )""]","[""Sel glial, untuk pendukung neuron;"", ""Astrosit: Blood brain barrier"", ""Ependimal sel: Pembatas cairan LCS"", ""Mikroglia: Fagositosis bakteri"", ""Oligodendrosit: Untuk menghasilkan myelin""]"
batch5_family_pair_q088,batch5_family_pair_q088_v01,388802_Tutorial Jadi Youtuber Bro.docx,A,,300,305,Salah satu karakterstik dari seizure atau bangkitan adalah muncul berulang dengan pola yang sama dan konsisten. Terminologi yang memperjelas ciri ini adalah,"[""Stereopik"", ""Automatisme"", ""Myoklonik"", ""Paroksismal"", ""Oversynchronized""]",[]
batch5_family_pair_q088,batch5_family_pair_q088_v02,6.3 okeoyeee with dr iksan and willy no -50.docx,B,,94,99,Salah satu karakterstik dari seizure atau bangkitan adalah muncul berulang dengan pola yang sama dan konsisten. Terminologi yang memperjelas ciri ini adalah,"[""Stereopik"", ""Automatisme, mengecapngecap"", ""Myoklonik, sentakan kejang cepat"", ""Paroksismal, gerakan tidak tersinkronisasi"", ""Oversynchronized""]",[]
batch5_family_pair_q089,batch5_family_pair_q089_v01,388802_Tutorial Jadi Youtuber Bro.docx,A,,358,362,"Pernyataan yang salah dibawah ini terkait Nervi opticus, adalah","[""Terdapat bagian yang terbungkus oleh selaput otak"", ""Mendapatkan vaskularisasi dari arteri dan vena centralis retina"", ""Saraf ini keluar dari mesencephalon"", ""Kerusakan pada area 17/18 Brodman akan menimbulkan buta sentral""]",[]
batch5_family_pair_q089,batch5_family_pair_q089_v02,6.3 okeoyeee with dr iksan and willy no -50.docx,B,,107,112,"Pernyataan yang salah dibawah ini terkait Nervi opticus, adalah","[""Terdapat bagian yang terbungkus oleh selaput otak"", ""Mendapatkan vaskularisasi dari arteri dan vena centralis retina"", ""Saraf ini keluar dari mesencephalon"", ""Kerusakan pada area 17/18 Brodman akan menimbulkan buta sentral""]","[""Pons: 5-8, Medula (9-12)""]"
batch5_family_pair_q090,batch5_family_pair_q090_v01,388802_Tutorial Jadi Youtuber Bro.docx,A,,112,115,Adanya perubahan bentuk tulang otak,"[""Hidrocephalus"", ""Efek massa karena adanya perdarahan"", ""Efek massa karena edema otak""]",[]
batch5_family_pair_q091,batch5_family_pair_q091_v01,388802_Tutorial Jadi Youtuber Bro.docx,A,,236,240,Golongan opoid sintetik yang digunakan untuk terapi penyalahgunaan heroin adalah,"[""Pethidin"", ""Meperidin"", ""Metadon-paroksipin"", ""Kodein""]",[]
batch5_family_pair_q091,batch5_family_pair_q091_v02,6.3 okeoyeee with dr iksan and willy no -50.docx,B,,113,117,Golongan opoid sintetik yang digunakan untuk terapi penyalahgunaan heroin adalah,"[""Pethidin"", ""Meperidin"", ""Metadon > Tramadol, kokain, heroin > opioid"", ""Kodein""]",[]
batch5_family_pair_q092,batch5_family_pair_q092_v01,388802_Tutorial Jadi Youtuber Bro.docx,A,,392,396,"Anti psikosis disebut juga sebagai neuroleptik karena kemampuannya menghasilkan neurolepsis. Berikut ini yang dimaksud neurolepsis, kecuali","[""Psychomotor slowing"", ""Emotional queting"", ""Affective indefference"", ""Mood swing""]",[]
batch5_family_pair_q092,batch5_family_pair_q092_v02,6.3 okeoyeee with dr iksan and willy no -50.docx,B,,118,124,"Anti psikosis disebut juga sebagai neuroleptik karena kemampuannya menghasilkan neurolepsis. Berikut ini yang dimaksud neurolepsis, kecuali","[""Psychomotor slowing"", ""Emotional queting"", ""Affective indefference"", ""Mood swing""]","[""Antipsikosis efek sampingnya > parkinson"", ""Antiparkinson efek sampingnya > psikosis""]"
batch5_family_pair_q093,batch5_family_pair_q093_v01,6.3 okeoyeee with dr iksan and willy no -50.docx,B,,126,131,Dari hasil pemeriksaan tsb dapat diduga diagnosa yg paling mungkin adalah,"[""Astrocytoma occipital"", ""Tumor cerebellum"", ""Adenoma hypofise ( ggn di hormon, bisa ggn jantung berdebar, ginekomastia)"", ""Meningioma frontal ( ggn kepribadian )"", ""Gloma opticus ( gejala utamanya buta)""]",[]
batch5_family_pair_q094,batch5_family_pair_q094_v01,388802_Tutorial Jadi Youtuber Bro.docx,A,,157,163,Terapi kejang listrik,"[""Setelah kejang akibat ECT, metabolisme otak menurun, terutama di"", ""Lobus temporalis"", ""Lobus frontalis"", ""Lobus parietalis"", ""Lobus occipitalis""]","[""Pons""]"
batch5_family_pair_q095,batch5_family_pair_q095_v01,388802_Tutorial Jadi Youtuber Bro.docx,A,,177,181,Penggunaan alkohol dan obat obatan,"[""Skizoprenia"", ""Trauma kepala"", ""Cemas"", ""Depresi""]",[]
batch5_family_pair_q096,batch5_family_pair_q096_v01,388802_Tutorial Jadi Youtuber Bro.docx,A,,195,199,Gangguan jalinan seksual,"[""frigiditas"", ""penolakan dan kurangnya kenikmatan seksual"", ""disfungsiereksi"", ""ejakulasidini""]",[]
batch5_family_pair_q097,batch5_family_pair_q097_v01,388802_Tutorial Jadi Youtuber Bro.docx,A,,200,205,pernyataan yang tidak benar dibawah ini adalah?,"[""Fraktur basis cranii fossa anterior ditandai adanya real haematom"", ""Fraktur basis fossa anterior dapat menyebabkan putusnya nervusol faktorius"", ""Fraktur basis fossa media ditandaiadanya battle Sign"", ""Fraktur fossa media dapatmenyebabkan paresis nervusfacialis"", ""Fraktur fossa posterior dapat menyebabkan paralisis nervushypoglosus""]",[]
batch5_family_pair_q098,batch5_family_pair_q098_v01,388802_Tutorial Jadi Youtuber Bro.docx,A,,283,285,gangguan panik,"[""serangan panik"", ""reaksi stres akut""]",[]
batch5_family_pair_q098,batch5_family_pair_q098_v02,388802_Tutorial Jadi Youtuber Bro.docx,A,,566,578,Gangguan panik,"[""penempatan elektroda ECT bilateral biasanya menghasilkan"", ""efek samping kognitif yang lebih kecil (unilateral)"", ""respon terapetik yang lebih lambat (unilateral)"", ""ambang kejang yang lebih rendah"", ""respon terapetik yang lebih cepat + efek samping besar""]","[""ambang kejang yang lebih tinggi"", ""Axis IV sangat penting terutama dalam menentukan"", ""Prognosis"", ""Diagnosis"", ""Penentuan axis V (global)"", ""Farmakoterapi"", ""Penentuan axis I (klinis)""]"
batch5_family_pair_q099,batch5_family_pair_q099_v01,388802_Tutorial Jadi Youtuber Bro.docx,A,,352,357,"Seorang pasien wanita datang ke poliklinik bedah saraf rujukan dari bagian penyakit mata dengan D/ SOL intracranial, keluhan nyeri kepala hebat, muntah dan hasil pemeriksaan funduscopy dan campemetri menunjukkan adanya pupil edem ringan dan hermianopsia bitemporal.Dari hasil pemeriksaan tsb dapat diduga diagnosa yg paling mungkin adalah","[""Astrocytoma occipital"", ""Tumor cerebellum"", ""Adenoma hypofise"", ""Meningioma frontal"", ""Glioma opticus""]",[]
batch5_family_pair_q100,batch5_family_pair_q100_v01,388802_Tutorial Jadi Youtuber Bro.docx,A,,375,378,Gangguan nyeri,"[""Somatisasi"", ""Hipokondriasis"", ""Body dismorfik disorder""]",[]
batch5_family_pair_q101,batch5_family_pair_q101_v01,388802_Tutorial Jadi Youtuber Bro.docx,A,,397,402,Terapi empiric yang tepat pada kasus toksoplasmosis pada fase akut adalah?,"[""Pirimetamin loading dose 200 mg"", ""Cotrimoksazole 2x 960 mg"", ""Pirimetamine 100 mg"", ""Cotrimoksazole 2x 480 mg"", ""Asamfolinat 10-20 mg""]",[]
batch5_family_pair_q102,batch5_family_pair_q102_v01,388802_Tutorial Jadi Youtuber Bro.docx,A,,409,411,Gangguan cemas menyeluruh,"[""Fobia sosial"", ""hipokondriasis""]",[]
batch5_family_pair_q103,batch5_family_pair_q103_v01,388802_Tutorial Jadi Youtuber Bro.docx,A,,421,425,Laki-laki > wanita,"[""Dapat berasal dari semua komponen sel otak"", ""Semua tumor otak memerlukan tindakan operasi, Khemoterapi dan Radiasi"", ""Meliputi tumor intracranial, spinal, dan metastase"", ""Insiden yang bertambah setiap tahunnya""]",[]
batch5_family_pair_q104,batch5_family_pair_q104_v01,388802_Tutorial Jadi Youtuber Bro.docx,A,,434,437,Gejala klinis gangguan jiwa,"[""Sindroma klinis gangguan jiwa"", ""Semua benar"", ""Semua salah""]",[]
batch5_family_pair_q105,batch5_family_pair_q105_v01,388802_Tutorial Jadi Youtuber Bro.docx,A,,444,448,"keluhan yang predominan adalah nyeri berat, menyiksa dan menetap","[""keluhan, manifestasi sesuai dengan penyebaran anatomik saraf"", ""ada faktor psikologik yang dinilai berkaitan secara etiologik dengan keluhan nyeri"", ""biasanya mulai secara tiba-tiba dan bertambah intensitasnya dalam beberapa minggu atau bulan"", ""diberikan antidepresan""]",[]
batch5_family_pair_q106,batch5_family_pair_q106_v01,388802_Tutorial Jadi Youtuber Bro.docx,A,,472,477,Dibawah ini merupakan garis besar pemeriksaan status mental kecuali,"[""Gambaran umum"", ""Mood dan afek"", ""Fikiran"", ""RTA"", ""Riwayat gangguan jiwa sebelumnya""]",[]
batch5_family_pair_q107,batch5_family_pair_q107_v01,388802_Tutorial Jadi Youtuber Bro.docx,A,,526,530,Gangguan jadwal tidur,"[""Parasomnia"", ""Somnabulisme"", ""Insomnia non organik"", ""Hipersomnia""]",[]
batch5_family_pair_q108,batch5_family_pair_q108_v01,388802_Tutorial Jadi Youtuber Bro.docx,A,,539,542,Gejala memburuk pada malam hari,"[""Mimpi yang menggangu"", ""Mimpi buruk yang dapat berlanjut menjadi halusinasi setelah bangun tidur"", ""Sulit masuk tidur, tetapi bila sudah tidur, pasien dapat tidur dengan nyenyak (alzheimer)""]",[]
